hacker_address,report_type
1wv5sYEC9dSdDkfJQam1AQQg7vVCekxAc,other
18A3MQaJYpCVYJTHdsjSyk7mJqBQyLM7Eu,other
1JBFFHR8tGiMgYLpnZCVG8n4cSpm591urc,other
1LjGz2WcECaNpK1ajWcpsPEQFSxrw5DxMM,bitcointumbler
1GcdsVzjjARcp12Yyafr2bM9hrFvs2zkhD,other
1NPtAjLST5bXdH1Zm5JgKuMVGchhtuBDzX,other
bc1qek5mejunpm86gdx8djfnljzufd8vlg36jwdmps,other
38Zwcii8FY9D5Q1KSsp9PGiuzowGX4bCFW,other
1M2bs3p576Wkyw7xCo5kXpSZfANfnQDhRH,bitcointumbler
18sgALzRxmCS1ksfitG6iAVCaX7omckLyp,other
bc1qwpvwry04zur6a8zrny32rm8q9rx5se57yr3xk6,darknetmarket
bc1qc72gxjyzznqxva5s4h5rhsl8ueum6q88gkva4f,other
1K8DQbAupiGg95FdU9YVPoM3ANSHZ9EGgT,darknetmarket
bc1q6tru0m2v3uy889ngky4q6cvrm8r028g99yn0pe,other
13zEzpgSJhinh4F7uorbWGEpQpdT4oDhXg,other
13NvGpCNkU6J4qCk5RkczmxRVUYkGUTvwX,other
13ky7a9AkfYmhtxRuWAQ8fau5QjVAdyFGU,other
1PgyTpKQ4AcUGVuSJSq5fLXvLjVeputL1g,bitcointumbler
14vXoZDa7rGVQYaFaowKPJN8f25ASWVy5M,other
18bSTrufLfuvHwS7JYuF626MBGULSmxTgR,bitcointumbler
1L1xSXttdsBAPVjVfyoyCg3RZbdHinT5G5,darknetmarket
3Jcd7oMxCMD3LRNtxrzxhZy3e1FD7Y1UiC,bitcointumbler
1KKcyGZ5rxNNGNUyryTSwpMAGji4UWH8Hk,other
1LbaVYJD7tki7PbUaL8nyHY668MLjh78EK,bitcointumbler
17Joy9GLi5N2R9d6hjThJhiHYb8Eju7T6j,bitcointumbler
bc1qlpjw0wqeh0d26f5wt0wvwlzcsvm22g0mlmg86k,other
1H9bS7Zb6LEANLkM8yiF8EsoGEtMEeLFvC,other
1J92xovmh4pm4XRYGWRfyMB7qFh4RjkqgT,other
33foqBrpcDQbrEzWmco3L9GtYphNVmHs6y,other
13Tnpeu7wQBdrGPR9V2TbhFpmkQY3PKCtX,other
19ficTpEtPLZN53y7Nh8E7MpJm8wSCmwVW,bitcointumbler
bc1qe5n3anwrk82ekr4r2jrw53gnjt70parktenz3m,darknetmarket
bc1qy00ukh5man6jsjd2zqn0jgae9ndv72526urgwy,bitcointumbler
bc1qrxeecc52dfktp4qw32fpfmgwzn99udk3chr7va,other
14GHLvKaXSNtDTkshZi5j8uUo3mFtJ52FN,other
1L6Dy5a5fSNhgtMKNsAGEuV53FuvDULGsQ,other
1Lzd8Hx4nfTcAwEZNY4Vt8kbUHdRSLnHoj,bitcointumbler
1CMBC1Mj86GHmbwzcMMP8xUe1hQTwk4Ds7,bitcointumbler
3B8YoAAbU7uyvwtzBUXEyqfe1g7oExjt7w,other
1Md6imvB2neTF3s1kFiMG473k1XrBhxQhF,other
14LYbckmC9gKJ6LR1JAWaKSsCojZfURbzH,bitcointumbler
bc1q8mh7suslg59ay3q7vwhsrrxfrayuqxt323mkfr,other
18vCf6mwxNyDEpLbyJdZhdqj6hz4fLy83s,other
bc1q3td9tx87066cnq3k47crczzmr6n7ufw2pq8hce,other
bc1qa3c2eppxz7gcfmazyduypefsqjs558pyserwng,other
142UiD6VggiN4mnwnAiTKMxxFe1HScj2d7,other
1MmMiXBtY5hxBSjhfkZbdSYyXRxtq7LyqS,other
3Mb6n68Yoock4VTJbkAuDMD8CaLroETqZg,other
15Z4Y1q5QufvFPvRBKhwVhQyFTLwEQ5f4J,other
bc1qt2gva7xrun7dypmhyhd5djq3mtwf3nt77t0kfc,other
1N6wbwWaEaAxgfSwxNXaJapsiMb7TA8Jrk,bitcointumbler
1BV6Xyf92xM8Smj4H12aCKjCs5AWFETQWo,other
18HaRyfMr1WwuZcmyCjyAHDchDDzmnwYyo,other
19nK1iW3syPuD4DqVBRbpJAioGhBPNgUN4,other
1AnfPgvraCpYXQNSJJLSqAbLssgN53ew4A,bitcointumbler
3BLkXpvs6HYfhKnnzjxwxGcBeMGwqGSNVX,other
17f8CjYcQgJtXdFM27N9po7trSeEaKcXvu,bitcointumbler
1F3mAYuD3sEjufi5pPgDjAAM6SJPN6bFvn,darknetmarket
1GGZpqXsqKWSRnjJ1SHFaE5VPkMHHsKToX,bitcointumbler
17RBL9FmWHp8qLetQ73nWrvg5tTWpNLdGo,other
1QFhySaQtMyZTW3w5NeWVamgrs7TMVnmXs,bitcointumbler
1L15W6b9vkxV81xW5HDtmMBycrdiettHEL,other
bc1qluwq688xlncfj63td9s30xrwdwshk7503pqlmz,other
1EcoMx6Y7BHuvLFyuQURyGqqzc1sjCbQYj,other
18VGyKycVH1KAcEwVan2kt2uSZAqCc99Jr,bitcointumbler
1Q3nWZ6sdZGPYoR7aZRdwkzGHqmrpd7JYQ,other
1MWGJJ29hPzLubSDtzQ4nKWuhfaLnyWSUr,other
1KxKELgWwMFEaQeaQr8sS2MRFfDHDdgmkL,other
14DacnxAWvYTgd3uDaR3CFC1AipLmRtjr7,other
bc1q39efjl9avuu9jlfsu3gh7w9udusguq48mf20l4,other
148kJV8ngZK9ZLUjDhg3kfnVQRa7DJFu9Z,darknetmarket
14kf3JpjQLBHFeGGcUpKLWRLq8YbTPhKT4,other
19UuxGdPtL2vJWdzBPQTNaUZyzzS5oU6gY,other
1MuMwer8LsRzfbNUbTvQQjZRPFtLySkDyb,bitcointumbler
bc1q3z0967qfyax8x2zp4rzdv2wh5xczvjegyhjdq2,other
1AWRrH9WRaRCfhAKLCxKK3Gjs1nJmoBEMj,other
14y2t9ahbTDLaG5kuMMdY9dG9TgNNcNEJM,bitcointumbler
1AkKr2Tw2shtXJdiy2LnDGXyy2Sz4iFdKA,other
1GtdpkxN7izueE1696LQUSRB72Mh71BeNh,other
14F5H6zgQq39njYJWPLWznsEpJSTtUWAHk,darknetmarket
1PXi2w22CbfdWKpYYybbqtrhsBeuUGZo9g,other
bc1qcvaku0wuhsvhrjkk6rg4jr3vd9qrv4650wetdt,other
1hHGqqUcCpusC7c4dvciQuyGWbJKRUPmj,other
1EoBQvBWqkC1xv2eKhYHUm5xYtzZSmqL7L,other
1MusKqjbk497v4Jf1bkgSpKb4aUhjzfoqA,other
bc1quwslwd26qse35st9nlx2h2vmqvxjvuz9x96p9e,darknetmarket
bc1qus9ft27et7f0r5qqjnymnczgt6x6e5rq5hpdzg,darknetmarket
bc1qdp6tt5f2cv50ukn89lu8han3ylg36ks45gk7lp,other
1wv5sYEC9dSdDkfJQam1AQQg7vVCekxAc,other
3DaqmDwaDdehXgoGrSa1d2mWCBVjXQ69eE,other
17Ga9z9f3HFBafsmMq76NVsVX5r1CzxhaP,other
1KD21HrQT9mmPYSH6y1eA9b9MroQANaZBx,other
36Am7K7E2HnKtY9uofTore5WseSXt974PB,bitcointumbler
1oaD8qfHSc1v4gEQrzuNJRK5EoFLgsAi5,other
1LvPJnRDBcC9ZznqN75LQPN1MUhiNZh1zn,other
1Dn2LLAHf9133xZT2nJwv7ZCnyVeakG3jF,other
18wgLNrXoSqtCDSiTuAgQs9gfojHeecSnN,bitcointumbler
bc1qvrvcs7nfhxtfz5t3gfs3uqdp80del6cnu4mx6r,other
1GLJa8dMq9XBaiMhXNJSQjVoNzh2xRanzD,other
121iKsCgZmjBEV57Bj43RnbhQTbTBDKwf4,bitcointumbler
1DrThpxYV7JtvrVkneuJMYtn8Fik8efSwn,other
1G6t7JQs4wwp18Q4sY3bFVQdiTzuDAmWs4,bitcointumbler
bc1qzrhcjdmc0de897cw4hjmu0dk652hdedl7c8k60,other
1FzabAQCBCKtgwNiojj27efkBABvJjR2QE,other
18p579LgYGD7aZeBVtu5hmMkhMpRF7sX9K,other
1F3mAYuD3sEjufi5pPgDjAAM6SJPN6bFvn,bitcointumbler
1B567KBJcMwtbp3FyZ1BFudQvn9ojWKEEB,bitcointumbler
1LpZQLEM3iMEDhEgUKQQ77YaPhDciWZ5nG,bitcointumbler
14mkyEaKmDUZLcuzvjw8ij5C9wijhBx1P9,bitcointumbler
1NBiKKp9GXEeFUAHXGBXGXT7RxpPkZDdpD,bitcointumbler
142TfS4AD8sBUt9RguN1zEc8Np46BphQDT,bitcointumbler
1DiEqE5R1Ktu7QCLUuJN31PNtpoBU41x2E,bitcointumbler
178weWXPeMALJjq72tYxmWgNx5bQDpKN9u,bitcointumbler
13try78odMXTUjuXzv2bebQinqBXwUsR4c,bitcointumbler
1DKiacwU6XUBnHXS4zy3VmVBtGpkH2uw19,bitcointumbler
18B8rTzQmFZauiKn7JUyg2RZeUVsQ9xz3M,bitcointumbler
1MuMwer8LsRzfbNUbTvQQjZRPFtLySkDyb,darknetmarket
14ooP3Z8YKfgYRBkeB7swQYpVVeSfCdg8S,bitcointumbler
bc1q77s7q3u3699qytrcjn9668cgq9s7x8f2sghfmc,bitcointumbler
bc1qxz9yxk4g0u6ngeujrhlxkh8r8h2jnsezh9xwn0,darknetmarket
bc1qmvm6leje3v32y7xg46sefk9z7hwlzhqk3anj47,bitcointumbler
38sXNDdQ8WB9KAruvLhZjWXcanQaGtGkAT,bitcointumbler
1BLYhUDmnmVPVjcTWgc6gFT6DCYwbVieUD,bitcointumbler
bc1qt0a5krjvs6pndyk3nx2nhhgs6ljadanl79yz2q,darknetmarket
38Qy6X7frxhXkVqogg146ps4LidsvbL7vR,bitcointumbler
13LjWUqvyvGGLmYyoGGCVvAmaNbLzx8wpw,bitcointumbler
14yiW9nmjC2cQjatspqs2zMpmG4g3retPJ,darknetmarket
3K3vVqkxeDeD8Qbex4MzXe2WdAcfw2WXzF,bitcointumbler
bc1qh238kzcmdjm7duspmka5rn4x5uf7n7zme58gpx,bitcointumbler
3Lw28K9nMFwtGhYctvjtQr5q86NzZL6rCT,bitcointumbler
3EH9Me61oDJ4PZeCcBWUE3L9vDeTJWUHLX,darknetmarket
1ND8JiS1WxEotPQGmpr9vXo2cVys4Q8LbL,bitcointumbler
1EjSmESPuFLFvrrB6GVdabsje7HYB5LnmC,bitcointumbler
12DA8mpQCnTB1cEHLPFU7ckP44zN5Xmgu3,bitcointumbler
12EMaHiZG75ztkjUjuPZhQDcyW89qRJVuR,bitcointumbler
3HVEj2fDeytSgsftmWPYtrtHZizsrTx7py,darknetmarket
bc1q4um02cf6jm35mhg9vsaqdg4ze20zprxzfc2hlm,bitcointumbler
bc1qpkwr0stmw2a0drw07q74mc7tljkfjdn57af7y7,bitcointumbler
bc1qqjus73qa0u79cz82dya3s7l6pp4nsa999a6h0e,bitcointumbler
bc1q3sql4dnhffptwhc5v5q9r8h5hgd4wvuswayy6k,bitcointumbler
1Bd5DDwsiU6ofMq1XNcUte4oaUcZPcGqFP,darknetmarket
La14FCMi4t5kopzQr31sPD3FRBmBsZQgEd,bitcointumbler
1MwjRmFnFQsU92rQ5xFRLRfMP5BtQvJMRN,bitcointumbler
bc1q9lw93lcs6y0qv7q7nnamazzrf0g3pdjmd205rq,bitcointumbler
bc1qkd8h2rdz9t2u5zgl73cwfamur3792w82t4403v,bitcointumbler
1JwrTTYu1KkrJLUbWmDFC2WLMg4RP2YCRq,bitcointumbler
1L15W6b9vkxV81xW5HDtmMBycrdiettHEL,bitcointumbler
1Ba3ue1c2foCfquCPqLUSA3LQzwuXLAPUv,bitcointumbler
bc1qhcr070f37s2kcpcnkqp6qfay60pmju2u68rf7s,darknetmarket
1YnYAxprVrTo1WzPPzMo86ste5Ssp4xsy,darknetmarket
13BayanqUPEBKHCmZuyyfZfQcK7rLvJRmq,bitcointumbler
bc1qzjzl6hg9fd6n9kgelzgxraqlpv6w4fx5j6rmks,bitcointumbler
bc1q93v3y97r6h4rpf7jysam0jfpwf3zxmsauw4hqq,bitcointumbler
1HB3KtKoguFuZ4BdmCv9Fc4tYTwDQgmqmW,bitcointumbler
1D1DZAac5chXcvULdRAk8nbxB5HWWbffwc,darknetmarket
1CZ6vSRwvBMFBCJWnisRpzF6YfH8XBpbnk,bitcointumbler
3FgMw2ivjgGjTvvQTuoGeDuGwCsALNrkTq,bitcointumbler
1ByeGo4SAbNqL1qbvjWGu1nJLTRJpfuwGZ,darknetmarket
13v57AQAPr4nBCAvtajjyRqt1XPjrrZKE9,bitcointumbler
15Z4Y1q5QufvFPvRBKhwVhQyFTLwEQ5f4J,bitcointumbler
19PRxthVN1P9hsXcStqc2Kp8Yy4hXyXVau,bitcointumbler
bc1qzwd4dy0qxlex7yhccpwmjd4s9jnw56fqqlgzep,bitcointumbler
1NQr6dyy63yEEhYqe2Q6fN7wwNtd94ERAJ,bitcointumbler
bc1q5cqemf86dg6xhfd3pze2ka86nd673fqsy8e02u,bitcointumbler
bc1q6ute0gcftsq3ljj3289z32e3qvzxfg4rjvgaq7,bitcointumbler
1Kmj96BU4hbKeqV28CkJvoZgxwjdAnbbAX,bitcointumbler
1B5ic9iQpyafTEfWxHM4Xq6PkzbickrL8g,bitcointumbler
1QK2CUmzTJLJcQaySnTP3WnwqpHN4VwVA4,bitcointumbler
bc1q0deh87g88cpezgxqe0gsmfj5pggkeusdsnc235,bitcointumbler
bc1q25uvh3shqxlve9uvlpvuzjlpprpyu4ecxnk8nw,bitcointumbler
3LERnsvvgtXtQrGAcDKdj4znBwBahwR3qt,bitcointumbler
1NHVgdrbx9ppEL7VxvooQbPpQgx2AKMuaA,bitcointumbler
bc1qchaya8yx8d9akjwp046rwu26p9dnc4f72xaa22,bitcointumbler
1241ebGCdCZydMQXwuzuNvUqfAx62k7aKH,bitcointumbler
18Ex5yJEtsbqn72mnoqd5vL2gbvgyB2hPA,bitcointumbler
1Q3bj3y63wqXPGcsXhiC9N1YbYhF5euBBY,bitcointumbler
3CdgR45KuQQxRVdotbyUaotqWHLyCTsjJq,darknetmarket
bc1qc6l6gkktg5nr3gn85wftmk4wy7xg2ygkvcze0n,bitcointumbler
bc1qh84q2dmwzsc9nktug5q6rscv95mg9ehffmdqdf,bitcointumbler
bc1qgj6jhdk8p4nzeyzl3hdvgd2hkrqs5wscctusdr,darknetmarket
14gXk7QpLwBj8KhbsWMYbsEEzVP4thdouK,darknetmarket
1AW9nbpgahLyqSSYWpT2vbHmhjhxvXetYr,darknetmarket
1JzdWcDR3GrBvxo1CbJntpC4PfJkeueb1k,darknetmarket
bc1qnuv0xhy2c25fjdrv9cc4azvk2chmwc7kqcer9v,darknetmarket
1B3Lx1t4CQSt3ck85bqzGHC9TeEQGANhUR,darknetmarket
bc1q2kcpsd7rclc0vchww0hht3j9sfjhp92rjpqgw3,darknetmarket
bc1qzram92x93ncptrtppgksvjhr6rwt9m9hlyksh9,darknetmarket
12yCNJHAwda8Kgxv9DswpS9k16XnstSqcJ,darknetmarket
bc1q3yazhr6h47r4sj50v92tql2qq5fv07jfeyrdfd,darknetmarket
bc1qwqf09f5whud09mka83ea59yrpzm20dpcwc780e,darknetmarket
36zRqnKW5n9BWVjNNSNDh7devdgkSAShN3,darknetmarket
bc1qttu9hzj49dn6lwm92h0a73f49w79e8dnkyz4xr,darknetmarket
bc1q6x4kev9pefay37uctaq9ggqmxrg7a6txn2tanf,darknetmarket
1JTtwbvmM7ymByxPYCByVYCwasjH49J3Vj,darknetmarket
1Ps2HsbfZ9yuCyFzWdWFwMgnHGgs9Bnv5h,darknetmarket
bc1qx672kp9gjxdf0j9wn9q4mmek3fwrp6a2uzhugm,darknetmarket
19Bz6zVnZ5Fih1yQbu4hz4gahaEcXT2QsP,darknetmarket
bc1q7x2c5ftur3ket75glquvxlvx3j4h9pn8dj0sks,darknetmarket
15DMMwLTqV4RmYpJZDoNUZvzNikX1m6j4R,darknetmarket
bc1qtkl5f355x8fun07vck8msdjlqezead4qjekfm4,darknetmarket
1DbTMUuhB1XPJ2ktxKygDbrXypGofuHhq6,darknetmarket
16JXdvFiEhfCKGD449vUd5vFgVYBEvpjvr,darknetmarket
19qL8vdRtk5xJcGNVk3WruuSyitVfSAy7f,darknetmarket
1B1Vov1LTLGLcVG3ycPQhQLe81V67FZpMZ,darknetmarket
1P8FMYuhdxnj7wQAoqwpRk4u28HKY42QKZ,darknetmarket
1M4vj3NedeJ3o7SwpNdnfMtzrvvUZbXFbg,darknetmarket
bc1qrxeecc52dfktp4qw32fpfmgwzn99udk3chr7va,darknetmarket
1A7nmeXMjFd8unyg9hopifwBRpWu5MpqQw,darknetmarket
1BPUUNghhuwQjDDvFd3TnJz2ato5dyDLr8,darknetmarket
1QK2CUmzTJLJcQaySnTP3WnwqpHN4VwVA4,darknetmarket
19nxQqKXPU2btSnf4VXYmprNUX4YrDuWAn,darknetmarket
12YfqqLP4qAeENmnuW7sB8oC8T6TFLawE5,darknetmarket
15mgxh8neVVkwM1z9TYo9Ak7NZqp6c9rFT,darknetmarket
1K6aBBFqqvMtMWk2bMgBFZnXaqEUWQgQaM,darknetmarket
3Jq1BJaG3wPXbaG5UGmi6UKjUwmybQcYcZ,darknetmarket
13J4ziJQx3J9HwKAHwBdC2GAtDYpjLoWUk,darknetmarket
132tEVF7uDYfVQpoangEsnUWcKj5W9WaR2,darknetmarket
1F5csJmyf3yJs5s25tZmYKoFXznR452er9,darknetmarket
1KghHpjrMtpEDEScJ3TqDiXEZhTjZsbf24,darknetmarket
3JfJEGtpGBGR4Lqs4hdrdTuafTRECThunP,darknetmarket
15JhZSUfr3PJRCTHxuJRmRfJfcvk98LhBN,darknetmarket
bc1qnvxun0lengf9spq3j0ezr5nkra7glg5r2m4g9d,darknetmarket
1DK8REUxMnvfte6ceXB7pnH356PsXNzGzn,darknetmarket
17VLjuN2moC2QFDiaxHEJgHivCoZkwn32U,darknetmarket
1BDaStcRvbM3QJei5ZT1FxLRy7M7Jk3j1c,darknetmarket
1BzkoGfrLtL59ZGjhKfvBwy47DEb6oba5f,darknetmarket
1Vry5C4Dp3Pwo1QNpDbEEszupL9X45Bfe,darknetmarket
3KWGsjdcCuSqeRXKZWsM1ZZzQo1NFNJ2bR,darknetmarket
19K6dCNG71DYHbzp9Ycy69xUmn8nWhq4ms,darknetmarket
bc1qweddwmvntctn43wuqsu75un50s3lwmcp05nred,darknetmarket
bc1qutnezdqumekfz4ujuh6sku3ahk8l486tk965lt,darknetmarket
12B6eCHqPVQeR8wyTTMoWQqNeTpxqeq7wk,darknetmarket
1LfYcbCsssB2niF3VWRBTVZFExzsweyPGQ,darknetmarket
1PUwf7ybLvvKLJ8NpWeaEChz4WFQtnC2Gx,darknetmarket
1KFyQyxY9UXCk5NUd7MZ4DSZFxjchweG2L,darknetmarket
1Lughwk11SAsz54wZJ3bpGbNqGfVanMWzk,darknetmarket
bc1qm8juxkvmy5s3zj2a6gfrvmz7ruvtsn6yugfu7d,darknetmarket
38CCo55dbyxd5wF8hripGQpMe3FznJ8w4u,darknetmarket
1NkQMBosJTeN1zs1T4X3QM5BLFX24YPKys,darknetmarket
1KnMcEqCTvQfMzEgnvfZvyprLPc2bnvMm8,darknetmarket
bc1qj69787h6730gnzypulr47x76zmq4srz9a7wlpw,darknetmarket
35a3xM83EeWGreXhSaoYs7nznukBtfSTmi,darknetmarket
14rAhKJbCFAXeXKAhxGpVswQaFjh1UQRpv,darknetmarket
1MWGJJ29hPzLubSDtzQ4nKWuhfaLnyWSUr,darknetmarket
37ypKny3gVuiMstAeS34xQ2QWxR5Pr6mMk,darknetmarket
12hBxZ7mzn3LgT3SjCsS6yS4tVefPBWCPt,darknetmarket
1LHf6YFkunPBu8XTvVFb9Am1bf1JhdutaT,darknetmarket
bc1qaem5gagz3a4zkpfn4avzhvmg3scgtnu32rct2k,darknetmarket
1Pcc1oRK7rH9NApRKd2Mhjt1DPsSBqk1XB,darknetmarket
13mdq9V4nB1Rwoici4C1KE6853UV7YbHZr,darknetmarket
1KvtgTHxtbZnoHvJGpWL6EvDRQSvzuAEPA,darknetmarket
MSg3cpMdVqSa9oTRnfTWn3GJwtEspU7GRg,darknetmarket
3Qo1BquD6qHDmL84kGA5SA38fvzo2GVJV2,darknetmarket
1AwN1k5Qddyx9cY7EfPcShsAPYpn8ripA6,darknetmarket
14Tqf2EAC3Q5T5FBExTvXzCtos1rgxCAu5,darknetmarket
bc1qd452er4870q8aweu80l77elyaw027rgkqcjj6p,darknetmarket
